id,name,age,email,signup_date,revenue
1,User_1,40.0,user_1@example.com,2023-01-01,-100.0
2,User_2,,user_2@example.com,2023-01-02,-100.0
3,User_3,20.0,user_3@example.com,2023-01-03,-100.0
4,User_4,40.0,user_4@example.com,2023-01-04,-100.0
5,User_5,40.0,user_5@example.com,2023-01-05,-100.0
6,User_6,,user_6@example.com,2023-01-06,-100.0
7,User_7,20.0,user_7@example.com,2023-01-07,910.9271844938424
8,User_8,20.0,user_8@example.com,2023-01-08,822.537242923169
9,User_9,40.0,user_9@example.com,2023-01-09,949.799913291924
10,User_10,30.0,,2023-01-10,725.7195083883599
11,User_11,40.0,user_11@example.com,2023-01-11,1000000.0
12,User_12,40.0,user_12@example.com,2023-01-12,1000000.0
13,User_13,40.0,user_13@example.com,2023-01-13,1000000.0
14,User_14,40.0,user_14@example.com,2023-01-14,1000000.0
15,User_15,,user_15@example.com,2023-01-15,1000000.0
16,User_16,20.0,user_16@example.com,2023-01-16,1000000.0
17,User_17,,user_17@example.com,2023-01-17,376.4633668780496
18,User_18,,user_18@example.com,2023-01-18,810.5533307818329
19,User_19,,user_19@example.com,2023-01-19,987.2761293149445
20,User_20,40.0,,2023-01-20,150.41689110352817
21,User_21,30.0,invalid_email,2023-01-21,594.1307153521351
22,User_22,20.0,invalid_email,2023-01-22,380.8908566310215
23,User_23,30.0,invalid_email,2023-01-23,969.9143978146031
24,User_24,,invalid_email,2023-01-24,842.1189231357087
25,User_25,,invalid_email,2023-01-25,838.3287047111379
26,User_26,30.0,invalid_email,2023-01-26,468.69315979497026
27,User_27,30.0,user_27@example.com,2023-01-27,414.8195023376652
28,User_28,30.0,user_28@example.com,2023-01-28,273.40707193070625
29,User_29,,user_29@example.com,2023-01-29,56.37549665092712
30,User_30,,,2023-01-30,864.7223762550532
31,User_31,20.0,user_31@example.com,2023-01-31,812.9010091300776
32,User_32,20.0,user_32@example.com,2023-02-01,999.7176732861305
33,User_33,,user_33@example.com,2023-02-02,996.6368370739053
34,User_34,30.0,user_34@example.com,2023-02-03,555.4317056026274
35,User_35,30.0,user_35@example.com,2023-02-04,768.9874151805105
36,User_36,20.0,user_36@example.com,2023-02-05,944.765729882428
37,User_37,,user_37@example.com,2023-02-06,849.6473906774114
38,User_38,20.0,user_38@example.com,2023-02-07,247.34810174319765
39,User_39,20.0,user_39@example.com,2023-02-08,450.5441353100935
40,User_40,40.0,,2023-02-09,129.15941515149498
41,User_41,40.0,user_41@example.com,2023-02-10,954.0510272587223
42,User_42,40.0,user_42@example.com,2023-02-11,606.17463445088
43,User_43,30.0,user_43@example.com,2023-02-12,228.6428055034627
44,User_44,,user_44@example.com,2023-02-13,671.7006844058567
45,User_45,,user_45@example.com,2023-02-14,618.1282404578958
46,User_46,,user_46@example.com,2023-02-15,358.1627180328405
47,User_47,,user_47@example.com,2023-02-16,113.55759219962903
48,User_48,40.0,user_48@example.com,2023-02-17,671.5731955927996
49,User_49,30.0,user_49@example.com,2023-02-18,520.3077009037933
50,User_50,30.0,,2023-02-19,772.3183917356394
51,User_51,40.0,user_51@example.com,2023-02-20,520.1635011119934
52,User_52,30.0,user_52@example.com,2023-02-21,852.1815003185401
53,User_53,40.0,user_53@example.com,2023-02-22,551.9068387744855
54,User_54,,user_54@example.com,2023-02-23,560.9379715353863
55,User_55,40.0,user_55@example.com,2023-02-24,876.653602658345
56,User_56,,user_56@example.com,2023-02-25,403.482866212397
57,User_57,,user_57@example.com,2023-02-26,134.01522845064073
58,User_58,20.0,user_58@example.com,2023-02-27,28.782676313338975
59,User_59,40.0,user_59@example.com,2023-02-28,755.137255673619
60,User_60,20.0,,2023-03-01,620.3095513534647
61,User_61,40.0,user_61@example.com,2023-03-02,704.0797680992235
62,User_62,40.0,user_62@example.com,2023-03-03,212.96416150891073
63,User_63,20.0,user_63@example.com,2023-03-04,136.37147558676978
64,User_64,20.0,user_64@example.com,2023-03-05,14.54466566788193
65,User_65,40.0,user_65@example.com,2023-03-06,350.587558806597
66,User_66,30.0,user_66@example.com,2023-03-07,589.9176868546331
67,User_67,,user_67@example.com,2023-03-08,392.2440450997323
68,User_68,20.0,user_68@example.com,2023-03-09,437.47492202372905
69,User_69,,user_69@example.com,2023-03-10,904.1586944937484
70,User_70,30.0,,2023-03-11,348.25546702330035
71,User_71,30.0,user_71@example.com,2023-03-12,513.9894891598108
72,User_72,30.0,user_72@example.com,2023-03-13,783.6530127411431
73,User_73,20.0,user_73@example.com,2023-03-14,396.5427823212702
74,User_74,30.0,user_74@example.com,2023-03-15,622.0867002278735
75,User_75,20.0,user_75@example.com,2023-03-16,862.3637087467451
76,User_76,30.0,user_76@example.com,2023-03-17,949.5206236576421
77,User_77,,user_77@example.com,2023-03-18,147.07348092903794
78,User_78,,user_78@example.com,2023-03-19,926.5876251614944
79,User_79,40.0,user_79@example.com,2023-03-20,492.1162930795382
80,User_80,,,2023-03-21,258.24438829895837
81,User_81,40.0,user_81@example.com,2023-03-22,459.1357562382613
82,User_82,,user_82@example.com,2023-03-23,980.032575285477
83,User_83,20.0,user_83@example.com,2023-03-24,492.6180939928696
84,User_84,,user_84@example.com,2023-03-25,328.7516102875082
85,User_85,40.0,user_85@example.com,2023-03-26,633.4008543167258
86,User_86,40.0,user_86@example.com,2023-03-27,240.14561877819307
87,User_87,30.0,user_87@example.com,2023-03-28,75.86332810866392
88,User_88,20.0,user_88@example.com,2023-03-29,128.87972191064924
89,User_89,,user_89@example.com,2023-03-30,128.04583895777245
90,User_90,30.0,,2023-03-31,151.90269351229435
91,User_91,,user_91@example.com,2023-04-01,138.82717264941013
92,User_92,,user_92@example.com,2023-04-02,640.8747448032146
93,User_93,30.0,user_93@example.com,2023-04-03,181.88008439914483
94,User_94,30.0,user_94@example.com,2023-04-04,345.6672833238632
95,User_95,30.0,user_95@example.com,2023-04-05,896.7884099060118
96,User_96,30.0,user_96@example.com,2023-04-06,473.9616402628724
97,User_97,30.0,user_97@example.com,2023-04-07,667.5577385210272
98,User_98,,user_98@example.com,2023-04-08,172.31987120162984
99,User_99,30.0,user_99@example.com,2023-04-09,192.2890188086708
100,User_100,20.0,,2023-04-10,40.86861626647887
101,User_101,40.0,user_101@example.com,2023-04-11,168.93506307216455
102,User_102,30.0,user_102@example.com,2023-04-12,278.59033903195865
103,User_103,30.0,user_103@example.com,2023-04-13,177.0104842767468
104,User_104,,user_104@example.com,2023-04-14,88.70253375705562
105,User_105,30.0,user_105@example.com,2023-04-15,120.63587110060081
106,User_106,30.0,user_106@example.com,2023-04-16,460.7787680327258
107,User_107,30.0,user_107@example.com,2023-04-17,206.33371840579252
108,User_108,,user_108@example.com,2023-04-18,364.2698610480755
109,User_109,30.0,user_109@example.com,2023-04-19,503.4172708548569
110,User_110,40.0,,2023-04-20,690.3948286293653
111,User_111,,user_111@example.com,2023-04-21,39.31213984109894
112,User_112,40.0,user_112@example.com,2023-04-22,799.4103989090427
113,User_113,,user_113@example.com,2023-04-23,627.9003894909077
114,User_114,30.0,user_114@example.com,2023-04-24,81.75903194887191
115,User_115,40.0,user_115@example.com,2023-04-25,873.5786241067772
116,User_116,,user_116@example.com,2023-04-26,920.8724005318131
117,User_117,20.0,user_117@example.com,2023-04-27,61.07795985486375
118,User_118,30.0,user_118@example.com,2023-04-28,276.87764814720373
119,User_119,,user_119@example.com,2023-04-29,806.2012797930613
120,User_120,20.0,,2023-04-30,748.2596903836584
121,User_121,,user_121@example.com,2023-05-01,184.52101935637734
122,User_122,20.0,user_122@example.com,2023-05-02,209.3493233367103
123,User_123,30.0,user_123@example.com,2023-05-03,370.472102791382
124,User_124,40.0,user_124@example.com,2023-05-04,484.52298519102135
125,User_125,20.0,user_125@example.com,2023-05-05,618.254771530296
126,User_126,,user_126@example.com,2023-05-06,368.9136395697724
127,User_127,30.0,user_127@example.com,2023-05-07,462.53471613314787
128,User_128,20.0,user_128@example.com,2023-05-08,747.4709381337566
129,User_129,,user_129@example.com,2023-05-09,36.6832028905979
130,User_130,,,2023-05-10,252.43694434402076
131,User_131,,user_131@example.com,2023-05-11,713.3495858845524
132,User_132,20.0,user_132@example.com,2023-05-12,895.2068376871994
133,User_133,20.0,user_133@example.com,2023-05-13,511.6774421156661
134,User_134,20.0,user_134@example.com,2023-05-14,532.1134852653156
135,User_135,40.0,user_135@example.com,2023-05-15,107.17201133977605
136,User_136,20.0,user_136@example.com,2023-05-16,447.41236682345465
137,User_137,20.0,user_137@example.com,2023-05-17,532.6172664550231
138,User_138,20.0,user_138@example.com,2023-05-18,242.47050363472965
139,User_139,40.0,user_139@example.com,2023-05-19,269.243230949381
140,User_140,20.0,,2023-05-20,377.2841631046226
141,User_141,,user_141@example.com,2023-05-21,20.07119777772637
142,User_142,20.0,user_142@example.com,2023-05-22,322.0791655831783
143,User_143,,user_143@example.com,2023-05-23,211.44800699654465
144,User_144,,user_144@example.com,2023-05-24,327.49735217791465
145,User_145,,user_145@example.com,2023-05-25,119.76213181925121
146,User_146,40.0,user_146@example.com,2023-05-26,890.527280739895
147,User_147,40.0,user_147@example.com,2023-05-27,593.5924535540487
148,User_148,40.0,user_148@example.com,2023-05-28,679.1023191444896
149,User_149,20.0,user_149@example.com,2023-05-29,789.1712386073383
150,User_150,,,2023-05-30,498.44219892905727
151,User_151,40.0,user_151@example.com,2023-05-31,86.92028808742369
152,User_152,40.0,user_152@example.com,2023-06-01,537.1065418185477
153,User_153,20.0,user_153@example.com,2023-06-02,586.8411180208791
154,User_154,40.0,user_154@example.com,2023-06-03,745.43947418433
155,User_155,20.0,user_155@example.com,2023-06-04,431.6595462296794
156,User_156,30.0,user_156@example.com,2023-06-05,127.58030279556377
157,User_157,40.0,user_157@example.com,2023-06-06,283.77590579872447
158,User_158,30.0,user_158@example.com,2023-06-07,363.0822963986351
159,User_159,20.0,user_159@example.com,2023-06-08,645.9172413316012
160,User_160,,,2023-06-09,570.7783046689119
161,User_161,40.0,user_161@example.com,2023-06-10,356.0967258978462
162,User_162,20.0,user_162@example.com,2023-06-11,986.5152487929797
163,User_163,,user_163@example.com,2023-06-12,605.7748193568872
164,User_164,,user_164@example.com,2023-06-13,237.22679173599448
165,User_165,30.0,user_165@example.com,2023-06-14,101.78247262040374
166,User_166,20.0,user_166@example.com,2023-06-15,152.85913918433204
167,User_167,,user_167@example.com,2023-06-16,245.95772838450813
168,User_168,40.0,user_168@example.com,2023-06-17,160.68137325955567
169,User_169,40.0,user_169@example.com,2023-06-18,186.56702405130576
170,User_170,30.0,,2023-06-19,285.0951686938471
171,User_171,,user_171@example.com,2023-06-20,173.37359529475484
172,User_172,20.0,user_172@example.com,2023-06-21,896.7654246264252
173,User_173,40.0,user_173@example.com,2023-06-22,80.2337456616422
174,User_174,,user_174@example.com,2023-06-23,524.5113895702547
175,User_175,,user_175@example.com,2023-06-24,410.3968269896615
176,User_176,30.0,user_176@example.com,2023-06-25,982.3786169086064
177,User_177,40.0,user_177@example.com,2023-06-26,112.03890216805235
178,User_178,40.0,user_178@example.com,2023-06-27,397.85559904574166
179,User_179,20.0,user_179@example.com,2023-06-28,969.4704332753688
180,User_180,40.0,,2023-06-29,865.5071258939803
181,User_181,20.0,user_181@example.com,2023-06-30,817.0720709492799
182,User_182,40.0,user_182@example.com,2023-07-01,257.90282704493984
183,User_183,30.0,user_183@example.com,2023-07-02,170.88758739006582
184,User_184,40.0,user_184@example.com,2023-07-03,668.643219924431
185,User_185,20.0,user_185@example.com,2023-07-04,929.3759891275857
186,User_186,20.0,user_186@example.com,2023-07-05,556.7628930139298
187,User_187,30.0,user_187@example.com,2023-07-06,571.6126894698998
188,User_188,40.0,user_188@example.com,2023-07-07,279.97909366028415
189,User_189,40.0,user_189@example.com,2023-07-08,769.4929331919369
190,User_190,30.0,,2023-07-09,187.04374855752337
191,User_191,40.0,user_191@example.com,2023-07-10,323.6792364042437
192,User_192,40.0,user_192@example.com,2023-07-11,425.43643861641675
193,User_193,20.0,user_193@example.com,2023-07-12,507.61037868445504
194,User_194,40.0,user_194@example.com,2023-07-13,242.40973241508024
195,User_195,40.0,user_195@example.com,2023-07-14,114.83682473920354
196,User_196,30.0,user_196@example.com,2023-07-15,610.6200424416326
197,User_197,30.0,user_197@example.com,2023-07-16,288.6305532402558
198,User_198,,user_198@example.com,2023-07-17,581.2382214226122
199,User_199,20.0,user_199@example.com,2023-07-18,154.36271527420232
200,User_200,40.0,,2023-07-19,481.1401018548175
201,User_201,40.0,user_201@example.com,2023-07-20,532.5894325515859
202,User_202,,user_202@example.com,2023-07-21,51.82353682242691
203,User_203,40.0,user_203@example.com,2023-07-22,336.6042781939206
204,User_204,20.0,user_204@example.com,2023-07-23,134.41467693897425
205,User_205,,user_205@example.com,2023-07-24,63.37497047276774
206,User_206,20.0,user_206@example.com,2023-07-25,989.9602323899452
207,User_207,,user_207@example.com,2023-07-26,322.35384497472296
208,User_208,,user_208@example.com,2023-07-27,809.8744458546348
209,User_209,30.0,user_209@example.com,2023-07-28,254.64065476376385
210,User_210,20.0,,2023-07-29,681.5027222239293
211,User_211,40.0,user_211@example.com,2023-07-30,760.2278598896866
212,User_212,40.0,user_212@example.com,2023-07-31,595.6387406078443
213,User_213,20.0,user_213@example.com,2023-08-01,471.57618855015835
214,User_214,40.0,user_214@example.com,2023-08-02,411.8409141472685
215,User_215,40.0,user_215@example.com,2023-08-03,348.8682665429953
216,User_216,20.0,user_216@example.com,2023-08-04,929.5291442478258
217,User_217,,user_217@example.com,2023-08-05,830.6194077877292
218,User_218,20.0,user_218@example.com,2023-08-06,965.0269106665125
219,User_219,,user_219@example.com,2023-08-07,124.29722348554473
220,User_220,40.0,,2023-08-08,730.8674752036443
221,User_221,40.0,user_221@example.com,2023-08-09,938.3404568210378
222,User_222,40.0,user_222@example.com,2023-08-10,181.23306616566015
223,User_223,30.0,user_223@example.com,2023-08-11,66.49626736677749
224,User_224,,user_224@example.com,2023-08-12,741.1206492900591
225,User_225,30.0,user_225@example.com,2023-08-13,574.4731131799119
226,User_226,30.0,user_226@example.com,2023-08-14,841.828776758272
227,User_227,20.0,user_227@example.com,2023-08-15,139.77237662628949
228,User_228,30.0,user_228@example.com,2023-08-16,795.2673118598902
229,User_229,20.0,user_229@example.com,2023-08-17,201.62732004774452
230,User_230,20.0,,2023-08-18,163.6559428657045
231,User_231,30.0,user_231@example.com,2023-08-19,164.26579793099293
232,User_232,,user_232@example.com,2023-08-20,814.5747202313821
233,User_233,,user_233@example.com,2023-08-21,665.1972206962001
234,User_234,,user_234@example.com,2023-08-22,523.0654247691193
235,User_235,,user_235@example.com,2023-08-23,358.8304841235025
236,User_236,,user_236@example.com,2023-08-24,877.2005408131083
237,User_237,30.0,user_237@example.com,2023-08-25,392.4451074226354
238,User_238,30.0,user_238@example.com,2023-08-26,816.599439471577
239,User_239,40.0,user_239@example.com,2023-08-27,439.13490857021844
240,User_240,,,2023-08-28,376.9444294249076
241,User_241,30.0,user_241@example.com,2023-08-29,462.6797856696064
242,User_242,40.0,user_242@example.com,2023-08-30,301.3778741641421
243,User_243,,user_243@example.com,2023-08-31,747.6093801762511
244,User_244,20.0,user_244@example.com,2023-09-01,502.72039009247914
245,User_245,40.0,user_245@example.com,2023-09-02,232.2126951468173
246,User_246,30.0,user_246@example.com,2023-09-03,899.5745732745685
247,User_247,20.0,user_247@example.com,2023-09-04,383.8912213732114
248,User_248,20.0,user_248@example.com,2023-09-05,543.5528611139886
249,User_249,20.0,user_249@example.com,2023-09-06,906.4721109645469
250,User_250,40.0,,2023-09-07,624.2379959139921
251,User_251,30.0,user_251@example.com,2023-09-08,116.89804070836406
252,User_252,20.0,user_252@example.com,2023-09-09,939.8321236134751
253,User_253,,user_253@example.com,2023-09-10,627.7080530714179
254,User_254,20.0,user_254@example.com,2023-09-11,334.9056146570861
255,User_255,20.0,user_255@example.com,2023-09-12,139.27207266338726
256,User_256,40.0,user_256@example.com,2023-09-13,794.025189270296
257,User_257,40.0,user_257@example.com,2023-09-14,620.0727559285135
258,User_258,30.0,user_258@example.com,2023-09-15,533.4610919763215
259,User_259,,user_259@example.com,2023-09-16,893.8925830509577
260,User_260,40.0,,2023-09-17,788.5972112245307
261,User_261,20.0,user_261@example.com,2023-09-18,151.67487973275118
262,User_262,30.0,user_262@example.com,2023-09-19,311.72206779554824
263,User_263,20.0,user_263@example.com,2023-09-20,248.48913981446574
264,User_264,20.0,user_264@example.com,2023-09-21,743.946292572677
265,User_265,40.0,user_265@example.com,2023-09-22,33.53243473577938
266,User_266,30.0,user_266@example.com,2023-09-23,569.8896848713165
267,User_267,,user_267@example.com,2023-09-24,762.4586857406905
268,User_268,,user_268@example.com,2023-09-25,876.7656367617494
269,User_269,40.0,user_269@example.com,2023-09-26,342.08174871590745
270,User_270,40.0,,2023-09-27,821.2573046720129
271,User_271,30.0,user_271@example.com,2023-09-28,110.63173695520723
272,User_272,,user_272@example.com,2023-09-29,846.4522917345182
273,User_273,,user_273@example.com,2023-09-30,127.48866233198241
274,User_274,,user_274@example.com,2023-10-01,397.2872905603673
275,User_275,20.0,user_275@example.com,2023-10-02,797.2953657795537
276,User_276,,user_276@example.com,2023-10-03,149.91742734877377
277,User_277,20.0,user_277@example.com,2023-10-04,229.2513952326415
278,User_278,30.0,user_278@example.com,2023-10-05,722.2525683930663
279,User_279,20.0,user_279@example.com,2023-10-06,720.0365365460743
280,User_280,30.0,,2023-10-07,641.1476328852973
281,User_281,,user_281@example.com,2023-10-08,693.9484444671
282,User_282,,user_282@example.com,2023-10-09,542.7244433475962
283,User_283,30.0,user_283@example.com,2023-10-10,251.79905890695275
284,User_284,40.0,user_284@example.com,2023-10-11,345.69599350391945
285,User_285,30.0,user_285@example.com,2023-10-12,181.59771680142566
286,User_286,40.0,user_286@example.com,2023-10-13,908.4505613336283
287,User_287,20.0,user_287@example.com,2023-10-14,583.3917947661205
288,User_288,20.0,user_288@example.com,2023-10-15,400.8514167636399
289,User_289,20.0,user_289@example.com,2023-10-16,462.0058036441327
290,User_290,,,2023-10-17,947.2833396118153
291,User_291,20.0,user_291@example.com,2023-10-18,153.3514031160802
292,User_292,40.0,user_292@example.com,2023-10-19,586.2298320167972
293,User_293,20.0,user_293@example.com,2023-10-20,505.888678884466
294,User_294,30.0,user_294@example.com,2023-10-21,611.4542354346478
295,User_295,30.0,user_295@example.com,2023-10-22,18.110183820840508
296,User_296,,user_296@example.com,2023-10-23,872.1239089441515
297,User_297,30.0,user_297@example.com,2023-10-24,932.1182824836123
298,User_298,40.0,user_298@example.com,2023-10-25,565.1331835892089
299,User_299,20.0,user_299@example.com,2023-10-26,696.6508238768922
300,User_300,,,2023-10-27,922.4993811772957
301,User_301,20.0,user_301@example.com,2023-10-28,707.2386343133986
302,User_302,20.0,user_302@example.com,2023-10-29,152.53904291426136
303,User_303,40.0,user_303@example.com,2023-10-30,576.2883601668132
304,User_304,30.0,user_304@example.com,2023-10-31,606.7150463828559
305,User_305,30.0,user_305@example.com,2023-11-01,424.130671302386
306,User_306,20.0,user_306@example.com,2023-11-02,736.4442356247229
307,User_307,,user_307@example.com,2023-11-03,934.3670147690149
308,User_308,30.0,user_308@example.com,2023-11-04,925.5685129067763
309,User_309,,user_309@example.com,2023-11-05,450.8393714041321
310,User_310,30.0,,2023-11-06,113.23804584075525
311,User_311,,user_311@example.com,2023-11-07,984.8411989623346
312,User_312,40.0,user_312@example.com,2023-11-08,838.8980864459342
313,User_313,,user_313@example.com,2023-11-09,124.66268120326684
314,User_314,40.0,user_314@example.com,2023-11-10,920.8418826173723
315,User_315,40.0,user_315@example.com,2023-11-11,869.8963620621283
316,User_316,,user_316@example.com,2023-11-12,518.8380571260722
317,User_317,40.0,user_317@example.com,2023-11-13,591.2754357449293
318,User_318,20.0,user_318@example.com,2023-11-14,399.00270387013023
319,User_319,40.0,user_319@example.com,2023-11-15,54.76163882203133
320,User_320,30.0,,2023-11-16,335.19724164590093
321,User_321,,user_321@example.com,2023-11-17,802.8534485980115
322,User_322,20.0,user_322@example.com,2023-11-18,4.632023004602859
323,User_323,,user_323@example.com,2023-11-19,333.49917169114417
324,User_324,30.0,user_324@example.com,2023-11-20,398.1686935909433
325,User_325,30.0,user_325@example.com,2023-11-21,537.3956029379228
326,User_326,30.0,user_326@example.com,2023-11-22,919.8556164127605
327,User_327,40.0,user_327@example.com,2023-11-23,346.34599436596125
328,User_328,40.0,user_328@example.com,2023-11-24,346.9532018962277
329,User_329,,user_329@example.com,2023-11-25,737.5012481097484
330,User_330,,,2023-11-26,452.21794088980715
331,User_331,20.0,user_331@example.com,2023-11-27,224.60482293998197
332,User_332,20.0,user_332@example.com,2023-11-28,452.43951613269337
333,User_333,,user_333@example.com,2023-11-29,140.85702037979985
334,User_334,40.0,user_334@example.com,2023-11-30,176.3869865062233
335,User_335,30.0,user_335@example.com,2023-12-01,498.36777273947973
336,User_336,,user_336@example.com,2023-12-02,418.9254495045479
337,User_337,20.0,user_337@example.com,2023-12-03,914.8459010681
338,User_338,40.0,user_338@example.com,2023-12-04,362.3938991166331
339,User_339,,user_339@example.com,2023-12-05,580.5883502780434
340,User_340,,,2023-12-06,632.2642879195304
341,User_341,40.0,user_341@example.com,2023-12-07,13.094456588333635
342,User_342,,user_342@example.com,2023-12-08,663.5373720167106
343,User_343,40.0,user_343@example.com,2023-12-09,178.03596686975143
344,User_344,30.0,user_344@example.com,2023-12-10,961.0703174694552
345,User_345,40.0,user_345@example.com,2023-12-11,148.66272775311296
346,User_346,40.0,user_346@example.com,2023-12-12,414.62412372702374
347,User_347,40.0,user_347@example.com,2023-12-13,85.34966807864386
348,User_348,,user_348@example.com,2023-12-14,996.8742518459474
349,User_349,,user_349@example.com,2023-12-15,502.1950103312426
350,User_350,40.0,,2023-12-16,595.3850173200437
351,User_351,,user_351@example.com,2023-12-17,67.07647738842748
352,User_352,20.0,user_352@example.com,2023-12-18,749.9604703991778
353,User_353,20.0,user_353@example.com,2023-12-19,209.90559309558577
354,User_354,,user_354@example.com,2023-12-20,898.0542894407138
355,User_355,,user_355@example.com,2023-12-21,205.13964048200717
356,User_356,40.0,user_356@example.com,2023-12-22,190.68772066366657
357,User_357,30.0,user_357@example.com,2023-12-23,36.54966784809488
358,User_358,,user_358@example.com,2023-12-24,472.06694510999927
359,User_359,20.0,user_359@example.com,2023-12-25,564.8411332626164
360,User_360,40.0,,2023-12-26,65.70863942835237
361,User_361,,user_361@example.com,2023-12-27,775.5276166950106
362,User_362,20.0,user_362@example.com,2023-12-28,453.2888347480276
363,User_363,20.0,user_363@example.com,2023-12-29,524.3902693275801
364,User_364,30.0,user_364@example.com,2023-12-30,440.76274693822813
365,User_365,40.0,user_365@example.com,2023-12-31,400.763060875326
366,User_366,40.0,user_366@example.com,2024-01-01,559.6403313082179
367,User_367,30.0,user_367@example.com,2024-01-02,155.24024593071252
368,User_368,30.0,user_368@example.com,2024-01-03,181.92813049527112
369,User_369,40.0,user_369@example.com,2024-01-04,861.7856210135174
370,User_370,40.0,,2024-01-05,946.1154621336327
371,User_371,,user_371@example.com,2024-01-06,373.3093162797529
372,User_372,,user_372@example.com,2024-01-07,270.74467314355377
373,User_373,30.0,user_373@example.com,2024-01-08,643.9995432390158
374,User_374,,user_374@example.com,2024-01-09,408.7341710980964
375,User_375,20.0,user_375@example.com,2024-01-10,25.38635566034486
376,User_376,,user_376@example.com,2024-01-11,156.15259736619035
377,User_377,,user_377@example.com,2024-01-12,715.9722288473976
378,User_378,20.0,user_378@example.com,2024-01-13,658.9239419101514
379,User_379,30.0,user_379@example.com,2024-01-14,27.09599250348349
380,User_380,20.0,,2024-01-15,221.97216193294943
381,User_381,,user_381@example.com,2024-01-16,231.0747965880714
382,User_382,30.0,user_382@example.com,2024-01-17,671.8927435987284
383,User_383,,user_383@example.com,2024-01-18,19.710537754364154
384,User_384,20.0,user_384@example.com,2024-01-19,104.10858198457385
385,User_385,20.0,user_385@example.com,2024-01-20,799.9160853731894
386,User_386,,user_386@example.com,2024-01-21,178.54466205433363
387,User_387,40.0,user_387@example.com,2024-01-22,652.7461078518747
388,User_388,40.0,user_388@example.com,2024-01-23,238.18278104672652
389,User_389,20.0,user_389@example.com,2024-01-24,99.44139275934516
390,User_390,20.0,,2024-01-25,243.17219099945407
391,User_391,40.0,user_391@example.com,2024-01-26,722.2669318556592
392,User_392,40.0,user_392@example.com,2024-01-27,855.6964681062857
393,User_393,,user_393@example.com,2024-01-28,830.2198645669916
394,User_394,,user_394@example.com,2024-01-29,397.1835296184548
395,User_395,40.0,user_395@example.com,2024-01-30,668.0851365706461
396,User_396,,user_396@example.com,2024-01-31,204.98429541582098
397,User_397,,user_397@example.com,2024-02-01,293.14773026101324
398,User_398,30.0,user_398@example.com,2024-02-02,896.3358185211198
399,User_399,,user_399@example.com,2024-02-03,13.001923510736034
400,User_400,20.0,,2024-02-04,85.50853085446808
401,User_401,,user_401@example.com,2024-02-05,207.8862551460273
402,User_402,,user_402@example.com,2024-02-06,26.532203873819714
403,User_403,40.0,user_403@example.com,2024-02-07,181.43543508979732
404,User_404,20.0,user_404@example.com,2024-02-08,583.0415609696922
405,User_405,,user_405@example.com,2024-02-09,421.42455059249795
406,User_406,,user_406@example.com,2024-02-10,892.6717110769748
407,User_407,30.0,user_407@example.com,2024-02-11,817.4435617384408
408,User_408,,user_408@example.com,2024-02-12,341.81735169787595
409,User_409,,user_409@example.com,2024-02-13,259.4234334312925
410,User_410,30.0,,2024-02-14,379.6924081672669
411,User_411,40.0,user_411@example.com,2024-02-15,590.2949425148078
412,User_412,,user_412@example.com,2024-02-16,268.06364082287627
413,User_413,30.0,user_413@example.com,2024-02-17,624.148907849134
414,User_414,20.0,user_414@example.com,2024-02-18,409.4116521912404
415,User_415,40.0,user_415@example.com,2024-02-19,552.0471808519802
416,User_416,20.0,user_416@example.com,2024-02-20,436.1265291353167
417,User_417,20.0,user_417@example.com,2024-02-21,294.4657595419177
418,User_418,30.0,user_418@example.com,2024-02-22,948.4533069621567
419,User_419,,user_419@example.com,2024-02-23,763.6057941597609
420,User_420,30.0,,2024-02-24,140.11317576645254
421,User_421,30.0,user_421@example.com,2024-02-25,868.4679758979128
422,User_422,30.0,user_422@example.com,2024-02-26,487.4311982495136
423,User_423,30.0,user_423@example.com,2024-02-27,894.5522268940914
424,User_424,40.0,user_424@example.com,2024-02-28,799.8552559473152
425,User_425,,user_425@example.com,2024-02-29,425.21350446923344
426,User_426,20.0,user_426@example.com,2024-03-01,22.4693083201174
427,User_427,20.0,user_427@example.com,2024-03-02,268.6773593849461
428,User_428,,user_428@example.com,2024-03-03,541.634214660867
429,User_429,20.0,user_429@example.com,2024-03-04,633.4782198261473
430,User_430,,,2024-03-05,257.8876854332023
431,User_431,20.0,user_431@example.com,2024-03-06,139.35607407282413
432,User_432,30.0,user_432@example.com,2024-03-07,834.9302367992991
433,User_433,20.0,user_433@example.com,2024-03-08,984.4021807035522
434,User_434,,user_434@example.com,2024-03-09,525.6901823026858
435,User_435,,user_435@example.com,2024-03-10,171.6792858483035
436,User_436,,user_436@example.com,2024-03-11,272.3073265193689
437,User_437,,user_437@example.com,2024-03-12,18.390676547466732
438,User_438,,user_438@example.com,2024-03-13,914.298806560499
439,User_439,40.0,user_439@example.com,2024-03-14,117.75108289014113
440,User_440,40.0,,2024-03-15,576.5164755142536
441,User_441,20.0,user_441@example.com,2024-03-16,274.055220687206
442,User_442,,user_442@example.com,2024-03-17,554.1780025157934
443,User_443,20.0,user_443@example.com,2024-03-18,651.4203883518642
444,User_444,,user_444@example.com,2024-03-19,829.7418037072016
445,User_445,,user_445@example.com,2024-03-20,206.42127176060322
446,User_446,40.0,user_446@example.com,2024-03-21,10.995828658480477
447,User_447,40.0,user_447@example.com,2024-03-22,136.88563006880727
448,User_448,30.0,user_448@example.com,2024-03-23,900.0186418481051
449,User_449,40.0,user_449@example.com,2024-03-24,873.8900775625152
450,User_450,30.0,,2024-03-25,597.4131021703083
451,User_451,30.0,user_451@example.com,2024-03-26,600.5168604336534
452,User_452,30.0,user_452@example.com,2024-03-27,665.0366745462554
453,User_453,30.0,user_453@example.com,2024-03-28,175.3712786234496
454,User_454,30.0,user_454@example.com,2024-03-29,914.4119459249598
455,User_455,20.0,user_455@example.com,2024-03-30,418.7705248920731
456,User_456,40.0,user_456@example.com,2024-03-31,383.1385282494975
457,User_457,30.0,user_457@example.com,2024-04-01,518.9177052828376
458,User_458,,user_458@example.com,2024-04-02,46.965966775055044
459,User_459,40.0,user_459@example.com,2024-04-03,166.2833687560794
460,User_460,40.0,,2024-04-04,738.0336164263705
461,User_461,30.0,user_461@example.com,2024-04-05,82.79866792512647
462,User_462,20.0,user_462@example.com,2024-04-06,603.1521094663882
463,User_463,30.0,user_463@example.com,2024-04-07,245.34910968132095
464,User_464,20.0,user_464@example.com,2024-04-08,389.29561404197653
465,User_465,,user_465@example.com,2024-04-09,288.69373677069984
466,User_466,40.0,user_466@example.com,2024-04-10,355.67271646494913
467,User_467,,user_467@example.com,2024-04-11,719.0459051842455
468,User_468,20.0,user_468@example.com,2024-04-12,297.121715623175
469,User_469,20.0,user_469@example.com,2024-04-13,566.4046402968972
470,User_470,,,2024-04-14,476.05040219909966
471,User_471,20.0,user_471@example.com,2024-04-15,663.6711653626481
472,User_472,,user_472@example.com,2024-04-16,936.829739324758
473,User_473,40.0,user_473@example.com,2024-04-17,732.5720972102503
474,User_474,,user_474@example.com,2024-04-18,214.94037859075675
475,User_475,40.0,user_475@example.com,2024-04-19,31.183135061284673
476,User_476,,user_476@example.com,2024-04-20,262.26404429982506
477,User_477,20.0,user_477@example.com,2024-04-21,595.0779307002548
478,User_478,,user_478@example.com,2024-04-22,51.42581348425035
479,User_479,20.0,user_479@example.com,2024-04-23,496.3662472012363
480,User_480,,,2024-04-24,596.8428489168892
481,User_481,,user_481@example.com,2024-04-25,334.2438908169608
482,User_482,30.0,user_482@example.com,2024-04-26,770.9122037458219
483,User_483,20.0,user_483@example.com,2024-04-27,106.5982531337718
484,User_484,30.0,user_484@example.com,2024-04-28,75.13778173580876
485,User_485,20.0,user_485@example.com,2024-04-29,728.1887562036034
486,User_486,30.0,user_486@example.com,2024-04-30,495.49131620619846
487,User_487,40.0,user_487@example.com,2024-05-01,688.402396427736
488,User_488,,user_488@example.com,2024-05-02,434.8273386037462
489,User_489,20.0,user_489@example.com,2024-05-03,246.4020332391068
490,User_490,20.0,,2024-05-04,819.1023176741998
491,User_491,,user_491@example.com,2024-05-05,799.4158789689792
492,User_492,20.0,user_492@example.com,2024-05-06,694.6964708544267
493,User_493,20.0,user_493@example.com,2024-05-07,272.1451372299627
494,User_494,30.0,user_494@example.com,2024-05-08,590.2306668690871
495,User_495,20.0,user_495@example.com,2024-05-09,360.9738969400268
496,User_496,40.0,user_496@example.com,2024-05-10,91.58207332663414
497,User_497,40.0,user_497@example.com,2024-05-11,917.3135754622427
498,User_498,,user_498@example.com,2024-05-12,136.8186309189614
499,User_499,20.0,user_499@example.com,2024-05-13,950.2373538208025
500,User_500,,,2024-05-14,446.00577295795574
501,User_501,40.0,user_501@example.com,2024-05-15,185.13292883861965
502,User_502,20.0,user_502@example.com,2024-05-16,541.9009473783582
503,User_503,20.0,user_503@example.com,2024-05-17,872.9458358764083
504,User_504,,user_504@example.com,2024-05-18,732.2248864095612
505,User_505,40.0,user_505@example.com,2024-05-19,806.5611478614497
506,User_506,20.0,user_506@example.com,2024-05-20,658.7833667107174
507,User_507,,user_507@example.com,2024-05-21,692.2765645178524
508,User_508,40.0,user_508@example.com,2024-05-22,849.1956515653193
509,User_509,,user_509@example.com,2024-05-23,249.66800885918593
510,User_510,30.0,,2024-05-24,489.4249636431405
511,User_511,20.0,user_511@example.com,2024-05-25,221.20944181960223
512,User_512,30.0,user_512@example.com,2024-05-26,987.668007996647
513,User_513,40.0,user_513@example.com,2024-05-27,944.0593396866133
514,User_514,30.0,user_514@example.com,2024-05-28,39.426811368505895
515,User_515,30.0,user_515@example.com,2024-05-29,705.5751725156885
516,User_516,40.0,user_516@example.com,2024-05-30,925.2483174156658
517,User_517,,user_517@example.com,2024-05-31,180.57534512733352
518,User_518,30.0,user_518@example.com,2024-06-01,567.9452305526295
519,User_519,,user_519@example.com,2024-06-02,915.4882975880419
520,User_520,30.0,,2024-06-03,33.94597858579884
521,User_521,,user_521@example.com,2024-06-04,697.4202672468399
522,User_522,40.0,user_522@example.com,2024-06-05,297.3490073725508
523,User_523,30.0,user_523@example.com,2024-06-06,924.3961953765304
524,User_524,40.0,user_524@example.com,2024-06-07,971.0582451653678
525,User_525,30.0,user_525@example.com,2024-06-08,944.2664891134339
526,User_526,40.0,user_526@example.com,2024-06-09,474.2142166574638
527,User_527,40.0,user_527@example.com,2024-06-10,862.0426509893134
528,User_528,30.0,user_528@example.com,2024-06-11,844.5493985350704
529,User_529,30.0,user_529@example.com,2024-06-12,319.10047324325564
530,User_530,30.0,,2024-06-13,828.9154741506774
531,User_531,20.0,user_531@example.com,2024-06-14,37.00763471549262
532,User_532,,user_532@example.com,2024-06-15,596.2698784820531
533,User_533,20.0,user_533@example.com,2024-06-16,230.00883728770305
534,User_534,20.0,user_534@example.com,2024-06-17,120.56688577727881
535,User_535,40.0,user_535@example.com,2024-06-18,76.95320162920916
536,User_536,30.0,user_536@example.com,2024-06-19,696.2887758781397
537,User_537,,user_537@example.com,2024-06-20,339.87496376806615
538,User_538,40.0,user_538@example.com,2024-06-21,724.7667715287614
539,User_539,20.0,user_539@example.com,2024-06-22,65.35634079894237
540,User_540,30.0,,2024-06-23,315.2903378306103
541,User_541,40.0,user_541@example.com,2024-06-24,539.4912923753373
542,User_542,30.0,user_542@example.com,2024-06-25,790.7231648389635
543,User_543,40.0,user_543@example.com,2024-06-26,318.7525029320699
544,User_544,30.0,user_544@example.com,2024-06-27,625.8913764370091
545,User_545,20.0,user_545@example.com,2024-06-28,885.9777482361872
546,User_546,,user_546@example.com,2024-06-29,615.8631881823046
547,User_547,20.0,user_547@example.com,2024-06-30,232.95947475363377
548,User_548,,user_548@example.com,2024-07-01,24.40078155653802
549,User_549,30.0,user_549@example.com,2024-07-02,870.0988739009299
550,User_550,40.0,,2024-07-03,21.26941085038714
551,User_551,20.0,user_551@example.com,2024-07-04,874.7016726841994
552,User_552,,user_552@example.com,2024-07-05,528.937134027212
553,User_553,20.0,user_553@example.com,2024-07-06,939.0676985128962
554,User_554,,user_554@example.com,2024-07-07,798.7832357736654
555,User_555,20.0,user_555@example.com,2024-07-08,997.9341105333375
556,User_556,,user_556@example.com,2024-07-09,350.71181545171015
557,User_557,,user_557@example.com,2024-07-10,767.1882889311269
558,User_558,30.0,user_558@example.com,2024-07-11,401.93091360924217
559,User_559,,user_559@example.com,2024-07-12,479.8756203039088
560,User_560,30.0,,2024-07-13,627.5054632183701
561,User_561,,user_561@example.com,2024-07-14,873.6771141863387
562,User_562,40.0,user_562@example.com,2024-07-15,984.0834691992951
563,User_563,40.0,user_563@example.com,2024-07-16,768.2734138645181
564,User_564,40.0,user_564@example.com,2024-07-17,417.76678216733376
565,User_565,,user_565@example.com,2024-07-18,421.3570022770702
566,User_566,30.0,user_566@example.com,2024-07-19,737.5823015888915
567,User_567,30.0,user_567@example.com,2024-07-20,238.77714576830235
568,User_568,,user_568@example.com,2024-07-21,110.47411313139466
569,User_569,40.0,user_569@example.com,2024-07-22,354.62215764077655
570,User_570,40.0,,2024-07-23,287.23899165408176
571,User_571,30.0,user_571@example.com,2024-07-24,296.3081204559901
572,User_572,40.0,user_572@example.com,2024-07-25,233.60775104990995
573,User_573,20.0,user_573@example.com,2024-07-26,42.093189636361885
574,User_574,30.0,user_574@example.com,2024-07-27,17.87393473341381
575,User_575,40.0,user_575@example.com,2024-07-28,987.7223897360316
576,User_576,30.0,user_576@example.com,2024-07-29,427.77313373586236
577,User_577,20.0,user_577@example.com,2024-07-30,384.32664715968167
578,User_578,30.0,user_578@example.com,2024-07-31,679.6472826930699
579,User_579,30.0,user_579@example.com,2024-08-01,218.25388786506417
580,User_580,30.0,,2024-08-02,949.9611839502253
581,User_581,30.0,user_581@example.com,2024-08-03,786.3450144155521
582,User_582,20.0,user_582@example.com,2024-08-04,89.41100231225951
583,User_583,,user_583@example.com,2024-08-05,417.58077578492833
584,User_584,30.0,user_584@example.com,2024-08-06,879.1183075621647
585,User_585,30.0,user_585@example.com,2024-08-07,944.7320222914103
586,User_586,40.0,user_586@example.com,2024-08-08,467.4015112498697
587,User_587,30.0,user_587@example.com,2024-08-09,613.4113892107077
588,User_588,40.0,user_588@example.com,2024-08-10,167.0339460920752
589,User_589,,user_589@example.com,2024-08-11,991.1686261369765
590,User_590,20.0,,2024-08-12,231.6717013834434
591,User_591,20.0,user_591@example.com,2024-08-13,942.7317741351256
592,User_592,,user_592@example.com,2024-08-14,649.6466489923685
593,User_593,20.0,user_593@example.com,2024-08-15,607.7367948788591
594,User_594,,user_594@example.com,2024-08-16,512.6885110165086
595,User_595,,user_595@example.com,2024-08-17,230.66981171775868
596,User_596,,user_596@example.com,2024-08-18,176.52803200550827
597,User_597,20.0,user_597@example.com,2024-08-19,220.48620907017536
598,User_598,40.0,user_598@example.com,2024-08-20,186.4382621442545
599,User_599,,user_599@example.com,2024-08-21,779.5844735667533
600,User_600,30.0,,2024-08-22,350.1252591667301
601,User_601,20.0,user_601@example.com,2024-08-23,57.84267656339637
602,User_602,,user_602@example.com,2024-08-24,969.1026301408114
603,User_603,,user_603@example.com,2024-08-25,883.7858849634257
604,User_604,30.0,user_604@example.com,2024-08-26,927.752283195213
605,User_605,40.0,user_605@example.com,2024-08-27,994.9078226464353
606,User_606,40.0,user_606@example.com,2024-08-28,173.89524921948728
607,User_607,40.0,user_607@example.com,2024-08-29,396.24201890265874
608,User_608,,user_608@example.com,2024-08-30,758.2384757040913
609,User_609,,user_609@example.com,2024-08-31,696.0206180537922
610,User_610,,,2024-09-01,153.89590633985506
611,User_611,20.0,user_611@example.com,2024-09-02,815.8331249906178
612,User_612,30.0,user_612@example.com,2024-09-03,224.44057183666067
613,User_613,,user_613@example.com,2024-09-04,223.81761482262309
614,User_614,30.0,user_614@example.com,2024-09-05,536.9744228934136
615,User_615,30.0,user_615@example.com,2024-09-06,592.9399348417031
616,User_616,40.0,user_616@example.com,2024-09-07,580.0862078378112
617,User_617,20.0,user_617@example.com,2024-09-08,91.48683739775487
618,User_618,,user_618@example.com,2024-09-09,877.4608626303803
619,User_619,40.0,user_619@example.com,2024-09-10,265.60004258870606
620,User_620,40.0,,2024-09-11,129.51492128280418
621,User_621,,user_621@example.com,2024-09-12,888.7480798689772
622,User_622,30.0,user_622@example.com,2024-09-13,955.6514982297533
623,User_623,40.0,user_623@example.com,2024-09-14,862.1276172654506
624,User_624,30.0,user_624@example.com,2024-09-15,809.5160747248781
625,User_625,20.0,user_625@example.com,2024-09-16,655.2419806390217
626,User_626,30.0,user_626@example.com,2024-09-17,550.8573706091393
627,User_627,20.0,user_627@example.com,2024-09-18,86.98675991141013
628,User_628,30.0,user_628@example.com,2024-09-19,408.4532130706987
629,User_629,40.0,user_629@example.com,2024-09-20,372.688517012314
630,User_630,40.0,,2024-09-21,259.7537837603262
631,User_631,20.0,user_631@example.com,2024-09-22,723.4201136885849
632,User_632,,user_632@example.com,2024-09-23,495.8757350787708
633,User_633,20.0,user_633@example.com,2024-09-24,81.04621590764793
634,User_634,20.0,user_634@example.com,2024-09-25,220.18320194981135
635,User_635,30.0,user_635@example.com,2024-09-26,683.258763659596
636,User_636,30.0,user_636@example.com,2024-09-27,76.13085949030018
637,User_637,20.0,user_637@example.com,2024-09-28,851.2069140487687
638,User_638,40.0,user_638@example.com,2024-09-29,495.1465270139743
639,User_639,30.0,user_639@example.com,2024-09-30,480.586577326648
640,User_640,,,2024-10-01,592.4077846595176
641,User_641,30.0,user_641@example.com,2024-10-02,824.6809659251492
642,User_642,30.0,user_642@example.com,2024-10-03,347.80920790219307
643,User_643,,user_643@example.com,2024-10-04,678.0161525590636
644,User_644,20.0,user_644@example.com,2024-10-05,565.731963995791
645,User_645,,user_645@example.com,2024-10-06,267.0282701694213
646,User_646,20.0,user_646@example.com,2024-10-07,878.6299863551579
647,User_647,20.0,user_647@example.com,2024-10-08,797.4260216069281
648,User_648,20.0,user_648@example.com,2024-10-09,658.4518346584255
649,User_649,,user_649@example.com,2024-10-10,850.581729094242
650,User_650,20.0,,2024-10-11,867.2942009598023
651,User_651,40.0,user_651@example.com,2024-10-12,708.3629767150347
652,User_652,,user_652@example.com,2024-10-13,837.013328363672
653,User_653,40.0,user_653@example.com,2024-10-14,697.4714616692836
654,User_654,20.0,user_654@example.com,2024-10-15,680.1407717603004
655,User_655,30.0,user_655@example.com,2024-10-16,618.6113782151843
656,User_656,20.0,user_656@example.com,2024-10-17,752.7166395576412
657,User_657,40.0,user_657@example.com,2024-10-18,158.6051052930737
658,User_658,40.0,user_658@example.com,2024-10-19,880.8707591989285
659,User_659,,user_659@example.com,2024-10-20,871.843527745232
660,User_660,30.0,,2024-10-21,29.247283034559146
661,User_661,,user_661@example.com,2024-10-22,825.8167505647626
662,User_662,40.0,user_662@example.com,2024-10-23,128.8698674734452
663,User_663,20.0,user_663@example.com,2024-10-24,335.11885425914187
664,User_664,30.0,user_664@example.com,2024-10-25,743.5082562916077
665,User_665,20.0,user_665@example.com,2024-10-26,160.7598960483082
666,User_666,20.0,user_666@example.com,2024-10-27,817.9670241190622
667,User_667,30.0,user_667@example.com,2024-10-28,832.1341779577419
668,User_668,,user_668@example.com,2024-10-29,507.4677337608362
669,User_669,20.0,user_669@example.com,2024-10-30,6.38587171683358
670,User_670,40.0,,2024-10-31,287.0381331749128
671,User_671,20.0,user_671@example.com,2024-11-01,616.9269183757422
672,User_672,30.0,user_672@example.com,2024-11-02,981.1861780274235
673,User_673,30.0,user_673@example.com,2024-11-03,631.8135270166683
674,User_674,30.0,user_674@example.com,2024-11-04,259.8035810641598
675,User_675,,user_675@example.com,2024-11-05,634.0057030996113
676,User_676,20.0,user_676@example.com,2024-11-06,539.9853797158555
677,User_677,,user_677@example.com,2024-11-07,779.8453951511436
678,User_678,,user_678@example.com,2024-11-08,106.98063882695841
679,User_679,30.0,user_679@example.com,2024-11-09,761.027902502028
680,User_680,30.0,,2024-11-10,541.2665786761103
681,User_681,,user_681@example.com,2024-11-11,962.9920038589946
682,User_682,20.0,user_682@example.com,2024-11-12,341.8721660386861
683,User_683,40.0,user_683@example.com,2024-11-13,632.6218931339481
684,User_684,,user_684@example.com,2024-11-14,932.0281055100174
685,User_685,20.0,user_685@example.com,2024-11-15,102.50972799067925
686,User_686,30.0,user_686@example.com,2024-11-16,937.2284872364511
687,User_687,30.0,user_687@example.com,2024-11-17,687.8857223008133
688,User_688,20.0,user_688@example.com,2024-11-18,67.8370591051719
689,User_689,40.0,user_689@example.com,2024-11-19,300.96356694681623
690,User_690,30.0,,2024-11-20,708.1720886452816
691,User_691,30.0,user_691@example.com,2024-11-21,67.3506014687717
692,User_692,30.0,user_692@example.com,2024-11-22,582.1704601762733
693,User_693,20.0,user_693@example.com,2024-11-23,345.88305695295674
694,User_694,,user_694@example.com,2024-11-24,620.9155177674771
695,User_695,30.0,user_695@example.com,2024-11-25,45.74203381251285
696,User_696,,user_696@example.com,2024-11-26,871.5368061523762
697,User_697,40.0,user_697@example.com,2024-11-27,973.4889691773969
698,User_698,30.0,user_698@example.com,2024-11-28,968.8778552856915
699,User_699,30.0,user_699@example.com,2024-11-29,749.6518317429247
700,User_700,40.0,,2024-11-30,130.08624013063198
701,User_701,30.0,user_701@example.com,2024-12-01,758.2631959290226
702,User_702,,user_702@example.com,2024-12-02,24.58691645880151
703,User_703,20.0,user_703@example.com,2024-12-03,22.123551528997254
704,User_704,,user_704@example.com,2024-12-04,323.61021914954125
705,User_705,20.0,user_705@example.com,2024-12-05,488.64319040466575
706,User_706,20.0,user_706@example.com,2024-12-06,770.4074178077932
707,User_707,,user_707@example.com,2024-12-07,683.2953766065052
708,User_708,,user_708@example.com,2024-12-08,445.9027063767483
709,User_709,,user_709@example.com,2024-12-09,273.62666628166585
710,User_710,,,2024-12-10,997.1245001577112
711,User_711,40.0,user_711@example.com,2024-12-11,426.18130223597296
712,User_712,30.0,user_712@example.com,2024-12-12,451.38702432967546
713,User_713,20.0,user_713@example.com,2024-12-13,163.62382119166918
714,User_714,,user_714@example.com,2024-12-14,794.8095487499294
715,User_715,,user_715@example.com,2024-12-15,693.6822257814887
716,User_716,,user_716@example.com,2024-12-16,220.76961278876038
717,User_717,40.0,user_717@example.com,2024-12-17,82.3810456158427
718,User_718,,user_718@example.com,2024-12-18,680.4993020747131
719,User_719,,user_719@example.com,2024-12-19,654.5112142811353
720,User_720,,,2024-12-20,273.2595269982093
721,User_721,30.0,user_721@example.com,2024-12-21,950.8635622504104
722,User_722,40.0,user_722@example.com,2024-12-22,151.05789178090023
723,User_723,,user_723@example.com,2024-12-23,432.3348010426019
724,User_724,20.0,user_724@example.com,2024-12-24,943.6159201675989
725,User_725,20.0,user_725@example.com,2024-12-25,419.7273169261223
726,User_726,20.0,user_726@example.com,2024-12-26,638.5259476640855
727,User_727,40.0,user_727@example.com,2024-12-27,397.5943979627943
728,User_728,40.0,user_728@example.com,2024-12-28,274.21520234867
729,User_729,20.0,user_729@example.com,2024-12-29,983.9776479598282
730,User_730,,,2024-12-30,409.33400631504304
731,User_731,40.0,user_731@example.com,2024-12-31,894.0992036791345
732,User_732,20.0,user_732@example.com,2025-01-01,229.95460589108617
733,User_733,20.0,user_733@example.com,2025-01-02,213.1047040250833
734,User_734,,user_734@example.com,2025-01-03,31.13408288451136
735,User_735,30.0,user_735@example.com,2025-01-04,651.6668253758851
736,User_736,40.0,user_736@example.com,2025-01-05,368.52634372376116
737,User_737,,user_737@example.com,2025-01-06,864.3582498396371
738,User_738,20.0,user_738@example.com,2025-01-07,473.20990669155714
739,User_739,20.0,user_739@example.com,2025-01-08,968.1934279147217
740,User_740,,,2025-01-09,185.52551570312116
741,User_741,40.0,user_741@example.com,2025-01-10,868.6231679556108
742,User_742,30.0,user_742@example.com,2025-01-11,776.5968527917418
743,User_743,30.0,user_743@example.com,2025-01-12,770.921844644052
744,User_744,20.0,user_744@example.com,2025-01-13,844.7832281168877
745,User_745,40.0,user_745@example.com,2025-01-14,761.0239909429989
746,User_746,30.0,user_746@example.com,2025-01-15,626.2203216314153
747,User_747,40.0,user_747@example.com,2025-01-16,131.24487768238757
748,User_748,40.0,user_748@example.com,2025-01-17,32.526179491251916
749,User_749,20.0,user_749@example.com,2025-01-18,920.8478478156868
750,User_750,30.0,,2025-01-19,616.650314520738
751,User_751,,user_751@example.com,2025-01-20,796.5372909761763
752,User_752,20.0,user_752@example.com,2025-01-21,481.5223515125501
753,User_753,30.0,user_753@example.com,2025-01-22,117.30818896239448
754,User_754,30.0,user_754@example.com,2025-01-23,125.18579220255045
755,User_755,30.0,user_755@example.com,2025-01-24,685.5652872289713
756,User_756,30.0,user_756@example.com,2025-01-25,430.3058948994627
757,User_757,30.0,user_757@example.com,2025-01-26,200.5247267003367
758,User_758,40.0,user_758@example.com,2025-01-27,491.5945467414369
759,User_759,20.0,user_759@example.com,2025-01-28,64.20893707513409
760,User_760,40.0,,2025-01-29,581.9714019143988
761,User_761,,user_761@example.com,2025-01-30,268.99340443509766
762,User_762,30.0,user_762@example.com,2025-01-31,797.5591006371882
763,User_763,20.0,user_763@example.com,2025-02-01,310.36195892357375
764,User_764,30.0,user_764@example.com,2025-02-02,455.2201490818012
765,User_765,20.0,user_765@example.com,2025-02-03,11.620539908100636
766,User_766,40.0,user_766@example.com,2025-02-04,72.44688779455888
767,User_767,20.0,user_767@example.com,2025-02-05,392.49355640668483
768,User_768,,user_768@example.com,2025-02-06,479.9388347171235
769,User_769,,user_769@example.com,2025-02-07,600.0205481193037
770,User_770,20.0,,2025-02-08,291.66257870930326
771,User_771,20.0,user_771@example.com,2025-02-09,694.9818861265426
772,User_772,20.0,user_772@example.com,2025-02-10,860.1223971892045
773,User_773,20.0,user_773@example.com,2025-02-11,779.8509888933498
774,User_774,,user_774@example.com,2025-02-12,39.61882534835715
775,User_775,30.0,user_775@example.com,2025-02-13,480.5069472578289
776,User_776,20.0,user_776@example.com,2025-02-14,104.93017841817488
777,User_777,20.0,user_777@example.com,2025-02-15,242.04501586252746
778,User_778,,user_778@example.com,2025-02-16,986.6625932671465
779,User_779,,user_779@example.com,2025-02-17,142.49554290151323
780,User_780,40.0,,2025-02-18,498.88815345135606
781,User_781,20.0,user_781@example.com,2025-02-19,618.1557343181191
782,User_782,40.0,user_782@example.com,2025-02-20,702.464970544104
783,User_783,,user_783@example.com,2025-02-21,559.6486834869141
784,User_784,,user_784@example.com,2025-02-22,9.77084741918366
785,User_785,30.0,user_785@example.com,2025-02-23,326.4613082439919
786,User_786,20.0,user_786@example.com,2025-02-24,517.7116433847115
787,User_787,40.0,user_787@example.com,2025-02-25,87.86649914483336
788,User_788,,user_788@example.com,2025-02-26,350.6269312091808
789,User_789,,user_789@example.com,2025-02-27,33.20310879136657
790,User_790,40.0,,2025-02-28,78.57849715502074
791,User_791,30.0,user_791@example.com,2025-03-01,396.9232762015961
792,User_792,,user_792@example.com,2025-03-02,132.71575404306034
793,User_793,20.0,user_793@example.com,2025-03-03,567.5408482615582
794,User_794,,user_794@example.com,2025-03-04,689.4649691372657
795,User_795,20.0,user_795@example.com,2025-03-05,800.5866991090828
796,User_796,40.0,user_796@example.com,2025-03-06,200.1502442448101
797,User_797,20.0,user_797@example.com,2025-03-07,167.48258225906974
798,User_798,40.0,user_798@example.com,2025-03-08,104.56784033440026
799,User_799,20.0,user_799@example.com,2025-03-09,636.4302495436367
800,User_800,40.0,,2025-03-10,706.4757264869012
801,User_801,20.0,user_801@example.com,2025-03-11,31.586144825642037
802,User_802,30.0,user_802@example.com,2025-03-12,936.2122462436898
803,User_803,20.0,user_803@example.com,2025-03-13,51.97128365147241
804,User_804,20.0,user_804@example.com,2025-03-14,541.2963353010705
805,User_805,30.0,user_805@example.com,2025-03-15,709.0605194509164
806,User_806,,user_806@example.com,2025-03-16,870.9691237460856
807,User_807,,user_807@example.com,2025-03-17,714.0869321324278
808,User_808,20.0,user_808@example.com,2025-03-18,801.7280830697919
809,User_809,30.0,user_809@example.com,2025-03-19,339.45019254280606
810,User_810,20.0,,2025-03-20,814.8251137465122
811,User_811,40.0,user_811@example.com,2025-03-21,80.11484638467515
812,User_812,40.0,user_812@example.com,2025-03-22,894.8166560605276
813,User_813,20.0,user_813@example.com,2025-03-23,547.5923761537363
814,User_814,,user_814@example.com,2025-03-24,817.2977699624937
815,User_815,,user_815@example.com,2025-03-25,452.3182845183001
816,User_816,20.0,user_816@example.com,2025-03-26,643.5776951965249
817,User_817,20.0,user_817@example.com,2025-03-27,526.4026609361132
818,User_818,40.0,user_818@example.com,2025-03-28,731.5895217553318
819,User_819,,user_819@example.com,2025-03-29,81.62998203058957
820,User_820,20.0,,2025-03-30,60.3520839905638
821,User_821,40.0,user_821@example.com,2025-03-31,247.10323401014645
822,User_822,,user_822@example.com,2025-04-01,159.54468011318835
823,User_823,30.0,user_823@example.com,2025-04-02,871.7835665922017
824,User_824,40.0,user_824@example.com,2025-04-03,219.2139873580443
825,User_825,,user_825@example.com,2025-04-04,975.8652558191313
826,User_826,,user_826@example.com,2025-04-05,336.8957917711069
827,User_827,40.0,user_827@example.com,2025-04-06,182.11791568869927
828,User_828,30.0,user_828@example.com,2025-04-07,789.6985071424791
829,User_829,40.0,user_829@example.com,2025-04-08,658.7077755008761
830,User_830,,,2025-04-09,498.19571645313897
831,User_831,20.0,user_831@example.com,2025-04-10,555.3635509376312
832,User_832,20.0,user_832@example.com,2025-04-11,719.2017782722638
833,User_833,40.0,user_833@example.com,2025-04-12,228.45474133129872
834,User_834,,user_834@example.com,2025-04-13,996.3339160567419
835,User_835,20.0,user_835@example.com,2025-04-14,974.7931621467832
836,User_836,,user_836@example.com,2025-04-15,650.3256863469369
837,User_837,40.0,user_837@example.com,2025-04-16,199.54245092914513
838,User_838,20.0,user_838@example.com,2025-04-17,680.2282424312913
839,User_839,,user_839@example.com,2025-04-18,72.19840897917584
840,User_840,20.0,,2025-04-19,30.652502205806066
841,User_841,40.0,user_841@example.com,2025-04-20,257.68288851121366
842,User_842,,user_842@example.com,2025-04-21,462.6229567393163
843,User_843,20.0,user_843@example.com,2025-04-22,868.2725054083805
844,User_844,40.0,user_844@example.com,2025-04-23,727.169069766308
845,User_845,20.0,user_845@example.com,2025-04-24,742.706521199981
846,User_846,20.0,user_846@example.com,2025-04-25,425.49333444807536
847,User_847,30.0,user_847@example.com,2025-04-26,345.9349925469629
848,User_848,30.0,user_848@example.com,2025-04-27,371.0387629846027
849,User_849,40.0,user_849@example.com,2025-04-28,987.6495637360579
850,User_850,30.0,,2025-04-29,40.10919141248248
851,User_851,40.0,user_851@example.com,2025-04-30,867.0314961224485
852,User_852,30.0,user_852@example.com,2025-05-01,578.6754085723934
853,User_853,20.0,user_853@example.com,2025-05-02,438.61541918959045
854,User_854,40.0,user_854@example.com,2025-05-03,725.2576604151365
855,User_855,40.0,user_855@example.com,2025-05-04,486.66894142470284
856,User_856,20.0,user_856@example.com,2025-05-05,873.4232380816605
857,User_857,40.0,user_857@example.com,2025-05-06,900.7018640112585
858,User_858,40.0,user_858@example.com,2025-05-07,421.7209268734554
859,User_859,30.0,user_859@example.com,2025-05-08,276.82779723505155
860,User_860,40.0,,2025-05-09,592.3503285933622
861,User_861,,user_861@example.com,2025-05-10,912.3633456166909
862,User_862,20.0,user_862@example.com,2025-05-11,210.6621890056666
863,User_863,30.0,user_863@example.com,2025-05-12,622.9665835634828
864,User_864,30.0,user_864@example.com,2025-05-13,631.5602200925206
865,User_865,,user_865@example.com,2025-05-14,733.113022415281
866,User_866,20.0,user_866@example.com,2025-05-15,131.5676851272598
867,User_867,20.0,user_867@example.com,2025-05-16,715.8249646820885
868,User_868,30.0,user_868@example.com,2025-05-17,909.032520665641
869,User_869,40.0,user_869@example.com,2025-05-18,179.68310887024197
870,User_870,30.0,,2025-05-19,237.54332492387763
871,User_871,20.0,user_871@example.com,2025-05-20,971.3950940416396
872,User_872,,user_872@example.com,2025-05-21,180.97695270948978
873,User_873,30.0,user_873@example.com,2025-05-22,854.3850933695792
874,User_874,20.0,user_874@example.com,2025-05-23,492.2778564480348
875,User_875,30.0,user_875@example.com,2025-05-24,247.23107440317705
876,User_876,40.0,user_876@example.com,2025-05-25,870.7499012725114
877,User_877,30.0,user_877@example.com,2025-05-26,445.3052550026655
878,User_878,30.0,user_878@example.com,2025-05-27,514.8173539296902
879,User_879,20.0,user_879@example.com,2025-05-28,359.2333693997657
880,User_880,20.0,,2025-05-29,592.9508514349275
881,User_881,20.0,user_881@example.com,2025-05-30,163.52387258502276
882,User_882,30.0,user_882@example.com,2025-05-31,391.0815366517607
883,User_883,40.0,user_883@example.com,2025-06-01,969.4123223352875
884,User_884,,user_884@example.com,2025-06-02,258.13343270112756
885,User_885,,user_885@example.com,2025-06-03,656.7366645412922
886,User_886,20.0,user_886@example.com,2025-06-04,325.1900642246949
887,User_887,20.0,user_887@example.com,2025-06-05,773.4731256866006
888,User_888,30.0,user_888@example.com,2025-06-06,130.87366071834984
889,User_889,,user_889@example.com,2025-06-07,969.8210450785447
890,User_890,20.0,,2025-06-08,453.78954138363923
891,User_891,40.0,user_891@example.com,2025-06-09,236.05046334646397
892,User_892,40.0,user_892@example.com,2025-06-10,73.49674733001265
893,User_893,20.0,user_893@example.com,2025-06-11,169.75790508754073
894,User_894,20.0,user_894@example.com,2025-06-12,519.7739485560177
895,User_895,,user_895@example.com,2025-06-13,337.0031764312863
896,User_896,,user_896@example.com,2025-06-14,828.8833658826095
897,User_897,30.0,user_897@example.com,2025-06-15,430.8875236618059
898,User_898,,user_898@example.com,2025-06-16,248.7142725876299
899,User_899,40.0,user_899@example.com,2025-06-17,617.14498660403
900,User_900,40.0,,2025-06-18,706.7772168854458
901,User_901,20.0,user_901@example.com,2025-06-19,167.04190790094987
902,User_902,,user_902@example.com,2025-06-20,167.61921628831766
903,User_903,30.0,user_903@example.com,2025-06-21,36.671426933542975
904,User_904,40.0,user_904@example.com,2025-06-22,736.4020150656405
905,User_905,40.0,user_905@example.com,2025-06-23,663.804527621805
906,User_906,30.0,user_906@example.com,2025-06-24,474.63087574981387
907,User_907,30.0,user_907@example.com,2025-06-25,844.1704489691971
908,User_908,40.0,user_908@example.com,2025-06-26,805.6701529500532
909,User_909,40.0,user_909@example.com,2025-06-27,585.3543643967522
910,User_910,30.0,,2025-06-28,868.2712805132586
911,User_911,40.0,user_911@example.com,2025-06-29,205.84121003676825
912,User_912,20.0,user_912@example.com,2025-06-30,111.91961939772787
913,User_913,20.0,user_913@example.com,2025-07-01,269.7496115169896
914,User_914,30.0,user_914@example.com,2025-07-02,57.08685608931485
915,User_915,,user_915@example.com,2025-07-03,531.1695280010321
916,User_916,30.0,user_916@example.com,2025-07-04,936.6056922949615
917,User_917,30.0,user_917@example.com,2025-07-05,39.34354066850965
918,User_918,,user_918@example.com,2025-07-06,122.1099140100268
919,User_919,,user_919@example.com,2025-07-07,452.19902828343527
920,User_920,,,2025-07-08,933.8750175279049
921,User_921,20.0,user_921@example.com,2025-07-09,316.1561049767505
922,User_922,40.0,user_922@example.com,2025-07-10,507.23480868839243
923,User_923,20.0,user_923@example.com,2025-07-11,41.5728590503921
924,User_924,40.0,user_924@example.com,2025-07-12,148.34320096208887
925,User_925,20.0,user_925@example.com,2025-07-13,986.6301229588469
926,User_926,40.0,user_926@example.com,2025-07-14,965.1186964360455
927,User_927,20.0,user_927@example.com,2025-07-15,4.939980934409616
928,User_928,,user_928@example.com,2025-07-16,951.8117854232389
929,User_929,30.0,user_929@example.com,2025-07-17,639.1199378155004
930,User_930,20.0,,2025-07-18,867.9182945200221
931,User_931,40.0,user_931@example.com,2025-07-19,454.7398556338591
932,User_932,,user_932@example.com,2025-07-20,515.5960285792503
933,User_933,20.0,user_933@example.com,2025-07-21,488.84658025692016
934,User_934,20.0,user_934@example.com,2025-07-22,666.8642575461043
935,User_935,,user_935@example.com,2025-07-23,139.6512547563129
936,User_936,20.0,user_936@example.com,2025-07-24,29.97358987267795
937,User_937,30.0,user_937@example.com,2025-07-25,307.9299415911909
938,User_938,20.0,user_938@example.com,2025-07-26,704.6807627366467
939,User_939,30.0,user_939@example.com,2025-07-27,201.85345212294837
940,User_940,30.0,,2025-07-28,673.4324333249173
941,User_941,,user_941@example.com,2025-07-29,969.9120461072705
942,User_942,20.0,user_942@example.com,2025-07-30,93.90071578941838
943,User_943,,user_943@example.com,2025-07-31,672.6021182251263
944,User_944,20.0,user_944@example.com,2025-08-01,443.75021930457115
945,User_945,20.0,user_945@example.com,2025-08-02,868.1422543775053
946,User_946,40.0,user_946@example.com,2025-08-03,177.1497894473859
947,User_947,20.0,user_947@example.com,2025-08-04,692.6259522261645
948,User_948,,user_948@example.com,2025-08-05,838.1152896481102
949,User_949,30.0,user_949@example.com,2025-08-06,944.6142194740232
950,User_950,20.0,,2025-08-07,683.2480282896458
951,User_951,40.0,user_951@example.com,2025-08-08,497.1747640084273
952,User_952,,user_952@example.com,2025-08-09,617.8472402012138
953,User_953,20.0,user_953@example.com,2025-08-10,868.9049844787182
954,User_954,,user_954@example.com,2025-08-11,570.6097466388297
955,User_955,40.0,user_955@example.com,2025-08-12,30.38705969683686
956,User_956,40.0,user_956@example.com,2025-08-13,930.9486955069777
957,User_957,,user_957@example.com,2025-08-14,689.5267510315612
958,User_958,20.0,user_958@example.com,2025-08-15,676.5133857772465
959,User_959,30.0,user_959@example.com,2025-08-16,215.67515239771717
960,User_960,40.0,,2025-08-17,658.8854702326572
961,User_961,20.0,user_961@example.com,2025-08-18,393.8644056541585
962,User_962,20.0,user_962@example.com,2025-08-19,651.2329770414921
963,User_963,30.0,user_963@example.com,2025-08-20,106.59303030799072
964,User_964,40.0,user_964@example.com,2025-08-21,657.8453046030361
965,User_965,40.0,user_965@example.com,2025-08-22,999.4137257706666
966,User_966,20.0,user_966@example.com,2025-08-23,48.21203886055603
967,User_967,20.0,user_967@example.com,2025-08-24,977.1741842213173
968,User_968,30.0,user_968@example.com,2025-08-25,406.9079607228706
969,User_969,30.0,user_969@example.com,2025-08-26,870.7534503372591
970,User_970,40.0,,2025-08-27,782.3854840582735
971,User_971,,user_971@example.com,2025-08-28,567.0162609866678
972,User_972,40.0,user_972@example.com,2025-08-29,738.4492092513265
973,User_973,20.0,user_973@example.com,2025-08-30,878.5155613013479
974,User_974,40.0,user_974@example.com,2025-08-31,404.140321651033
975,User_975,,user_975@example.com,2025-09-01,327.0331615632387
976,User_976,30.0,user_976@example.com,2025-09-02,667.5933855635847
977,User_977,,user_977@example.com,2025-09-03,807.8459419412586
978,User_978,,user_978@example.com,2025-09-04,762.2851347766158
979,User_979,,user_979@example.com,2025-09-05,797.8136488586345
980,User_980,30.0,,2025-09-06,435.583314812933
981,User_981,,user_981@example.com,2025-09-07,817.8342161750217
982,User_982,,user_982@example.com,2025-09-08,120.20905537060844
983,User_983,,user_983@example.com,2025-09-09,544.4890979608496
984,User_984,20.0,user_984@example.com,2025-09-10,5.7586604981215705
985,User_985,,user_985@example.com,2025-09-11,324.5858299002703
986,User_986,30.0,user_986@example.com,2025-09-12,366.4615348713979
987,User_987,,user_987@example.com,2025-09-13,396.17269160925537
988,User_988,,user_988@example.com,2025-09-14,695.4672066898622
989,User_989,30.0,user_989@example.com,2025-09-15,388.55810127034573
990,User_990,,,2025-09-16,448.69362262253065
991,User_991,30.0,user_991@example.com,2025-09-17,237.54413087432746
992,User_992,,user_992@example.com,2025-09-18,373.25179162934006
993,User_993,30.0,user_993@example.com,2025-09-19,227.26962726315148
994,User_994,,user_994@example.com,2025-09-20,73.19592376844363
995,User_995,,user_995@example.com,2025-09-21,603.4485933813779
996,User_996,20.0,user_996@example.com,2025-09-22,668.2127985550162
997,User_997,20.0,user_997@example.com,2025-09-23,619.4903460096145
998,User_998,,user_998@example.com,2025-09-24,463.49404380057234
999,User_999,,user_999@example.com,2025-09-25,379.7857801792298
1000,User_1000,40.0,,2025-09-26,863.3336495718253
1,User_1,40.0,user_1@example.com,2023-01-01,-100.0
2,User_2,,user_2@example.com,2023-01-02,-100.0
3,User_3,20.0,user_3@example.com,2023-01-03,-100.0
4,User_4,40.0,user_4@example.com,2023-01-04,-100.0
5,User_5,40.0,user_5@example.com,2023-01-05,-100.0
